"DESCRIPTION","DURATION IN MS","NAME","PARENT SUITE","START TIME","STATUS","STOP TIME","SUB SUITE","SUITE","TEST CLASS","TEST METHOD"
"Test one endpoint (one test per endpoint via parametrize ids).","262","test_endpoint[POST__contrato]","tests","2026-10-05","passed","2026-10-05","TestAllEndpoints","test_all_endpoints","",""
"Test one endpoint (one test per endpoint via parametrize ids).","222","test_endpoint[PATCH__contratada_id]","tests","2026-10-05","passed","2026-10-05","TestAllEndpoints","test_all_endpoints","",""
"Test one endpoint (one test per endpoint via parametrize ids).","291","test_endpoint[GET__perfil-acesso_id]","tests","2026-10-05","passed","2026-10-05","TestAllEndpoints","test_all_endpoints","",""
"Test one endpoint (one test per endpoint via parametrize ids).","241","test_endpoint[GET__unidade-contratante]","tests","2026-10-05","passed","2026-10-05","TestAllEndpoints","test_all_endpoints","",""
"Test getting all Areas.","208","Get all Areas","tests.area","2026-10-05","passed","2026-10-05","TestGetAllArea","test_get_all","",""
"Test getting Area by ID.","446","Get Area by ID","tests.area","2026-10-05","passed","2026-10-05","TestGetAreaById","test_get_by_id","",""
"Test getting Contratada Contrato by ID.","200","Get Contratada Contrato by ID","tests.contratada_contrato","2026-10-05","skipped","2026-10-05","TestGetContratadaContratoById","test_get_by_id","",""
"Test getting Contratante by ID.","1118","Get Contratante by ID","tests.contratante","2026-10-05","passed","2026-10-05","TestGetContratanteById","test_get_by_id","",""
"Test one endpoint (one test per endpoint via parametrize ids).","222","test_endpoint[POST__objeto-oficial]","tests","2026-10-05","passed","2026-10-05","TestAllEndpoints","test_all_endpoints","",""
"Test deleting Area.","418","Delete Area","tests.area","2026-10-05","failed","2026-10-05","TestDeleteArea","test_delete","",""
"Test one endpoint (one test per endpoint via parametrize ids).","241","test_endpoint[GET__avisos_meus-avisos]","tests","2026-10-05","passed","2026-10-05","TestAllEndpoints","test_all_endpoints","",""
"Test creating Contratada Contrato.","194","Create Contratada Contrato","tests.contratada_contrato","2026-10-05","failed","2026-10-05","TestCreateContratadaContrato","test_create","",""
"Test one endpoint (one test per endpoint via parametrize ids).","259","test_endpoint[GET__contratada-contrato_id]","tests","2026-10-05","passed","2026-10-05","TestAllEndpoints","test_all_endpoints","",""
"Test one endpoint (one test per endpoint via parametrize ids).","302","test_endpoint[PUT__grupo-area_id_grupo-faturamento]","tests","2026-10-05","passed","2026-10-05","TestAllEndpoints","test_all_endpoints","",""
"Test one endpoint (one test per endpoint via parametrize ids).","262","test_endpoint[GET__avisos_id]","tests","2026-10-05","passed","2026-10-05","TestAllEndpoints","test_all_endpoints","",""
"Test partial updating Contratada.","403","Patch Contratada","tests.contratada","2026-10-05","failed","2026-10-05","TestPatchContratada","test_patch","",""
"Test creating Classificacao Colaborador.","267","Create Classificacao Colaborador","tests.classificacao_colaborador","2026-10-05","passed","2026-10-05","TestCreateClassificacaoColaborador","test_create","",""
"Test one endpoint (one test per endpoint via parametrize ids).","226","test_endpoint[DELETE__grupo-area_id]","tests","2026-10-05","passed","2026-10-05","TestAllEndpoints","test_all_endpoints","",""
"Test one endpoint (one test per endpoint via parametrize ids).","230","test_endpoint[GET__familia_id]","tests","2026-10-05","passed","2026-10-05","TestAllEndpoints","test_all_endpoints","",""
"Test one endpoint (one test per endpoint via parametrize ids).","223","test_endpoint[PUT__sub-familia_id]","tests","2026-10-05","passed","2026-10-05","TestAllEndpoints","test_all_endpoints","",""
"Test deleting Aviso.","205","Delete Aviso","tests.avisos","2026-10-05","skipped","2026-10-05","TestDeleteAvisos","test_delete","",""
"Test one endpoint (one test per endpoint via parametrize ids).","255","test_endpoint[DELETE__familia_id]","tests","2026-10-05","passed","2026-10-05","TestAllEndpoints","test_all_endpoints","",""
"Test one endpoint (one test per endpoint via parametrize ids).","379","test_endpoint[POST__contratante]","tests","2026-10-05","passed","2026-10-05","TestAllEndpoints","test_all_endpoints","",""
"Test one endpoint (one test per endpoint via parametrize ids).","227","test_endpoint[GET__grupo-area_id_grupo-faturamento]","tests","2026-10-05","passed","2026-10-05","TestAllEndpoints","test_all_endpoints","",""
"Test one endpoint (one test per endpoint via parametrize ids).","251","test_endpoint[POST__area]","tests","2026-10-05","passed","2026-10-05","TestAllEndpoints","test_all_endpoints","",""
"Test creating Contratada.","199","Create Contratada","tests.contratada","2026-10-05","failed","2026-10-05","TestCreateContratada","test_create","",""
"Test one endpoint (one test per endpoint via parametrize ids).","185","test_endpoint[GET__contratante_id_familia]","tests","2026-10-05","passed","2026-10-05","TestAllEndpoints","test_all_endpoints","",""
"Test one endpoint (one test per endpoint via parametrize ids).","213","test_endpoint[PUT__contratante_id]","tests","2026-10-05","passed","2026-10-05","TestAllEndpoints","test_all_endpoints","",""
"Test updating Aviso.","204","Update Aviso","tests.avisos","2026-10-05","skipped","2026-10-05","TestUpdateAvisos","test_update","",""
"Test deleting Contratante.","672","Delete Contratante","tests.contratante","2026-10-05","failed","2026-10-05","TestDeleteContratante","test_delete","",""
"Test getting all Contratadas.","213","Get all Contratadas","tests.contratada","2026-10-05","passed","2026-10-05","TestGetAllContratada","test_get_all","",""
"Test one endpoint (one test per endpoint via parametrize ids).","381","test_endpoint[GET__contrato_id]","tests","2026-10-05","passed","2026-10-05","TestAllEndpoints","test_all_endpoints","",""
"Test one endpoint (one test per endpoint via parametrize ids).","221","test_endpoint[GET__sub-familia_id]","tests","2026-10-05","passed","2026-10-05","TestAllEndpoints","test_all_endpoints","",""
"Test pre-process status endpoint.","182","Pre-process status event","tests","2026-10-05","failed","2026-10-05","TestEvents","test_events","",""
"Test one endpoint (one test per endpoint via parametrize ids).","200","test_endpoint[DELETE__suporte_cartilha_delete_pasta]","tests","2026-10-05","passed","2026-10-05","TestAllEndpoints","test_all_endpoints","",""
"Test creating Contratante.","197","Create Contratante","tests.contratante","2026-10-05","failed","2026-10-05","TestCreateContratante","test_create","",""
"Test one endpoint (one test per endpoint via parametrize ids).","213","test_endpoint[DELETE__objeto-oficial_id]","tests","2026-10-05","passed","2026-10-05","TestAllEndpoints","test_all_endpoints","",""
"Test one endpoint (one test per endpoint via parametrize ids).","214","test_endpoint[PUT__objeto-analise_id]","tests","2026-10-05","passed","2026-10-05","TestAllEndpoints","test_all_endpoints","",""
"Test one endpoint (one test per endpoint via parametrize ids).","204","test_endpoint[PUT__grupo-area_id]","tests","2026-10-05","passed","2026-10-05","TestAllEndpoints","test_all_endpoints","",""
"Test one endpoint (one test per endpoint via parametrize ids).","222","test_endpoint[GET__risco]","tests","2026-10-05","passed","2026-10-05","TestAllEndpoints","test_all_endpoints","",""
"Test getting Objetos de Mobilização do Grupo de Area atrelados a Contratante.","386","Get Objetos de Mobilização do Grupo de Area atrelados a Contratante","tests.contratante","2026-10-05","failed","2026-10-05","TestGetContratanteGrupoAreaById","test_get_grupo_area_by_id","",""
"Test one endpoint (one test per endpoint via parametrize ids).","5916","test_endpoint[GET__video-cast]","tests","2026-10-05","passed","2026-10-05","TestAllEndpoints","test_all_endpoints","",""
"Test deleting Contratada.","434","Delete Contratada","tests.contratada","2026-10-05","failed","2026-10-05","TestDeleteContratada","test_delete","",""
"Test one endpoint (one test per endpoint via parametrize ids).","225","test_endpoint[GET__grupo-contratante_id]","tests","2026-10-05","passed","2026-10-05","TestAllEndpoints","test_all_endpoints","",""
"Test one endpoint (one test per endpoint via parametrize ids).","229","test_endpoint[GET__grupo-faturamento_id]","tests","2026-10-05","passed","2026-10-05","TestAllEndpoints","test_all_endpoints","",""
"Test one endpoint (one test per endpoint via parametrize ids).","230","test_endpoint[DELETE__operador_vinculo_OperadorContratadaContratoId]","tests","2026-10-05","passed","2026-10-05","TestAllEndpoints","test_all_endpoints","",""
"Test one endpoint (one test per endpoint via parametrize ids).","228","test_endpoint[PUT__amostragem-grupo-area_id]","tests","2026-10-05","passed","2026-10-05","TestAllEndpoints","test_all_endpoints","",""
"Test one endpoint (one test per endpoint via parametrize ids).","694","test_endpoint[DELETE__objeto-analise-tipo-especifico_id]","tests","2026-10-05","failed","2026-10-05","TestAllEndpoints","test_all_endpoints","",""
"Verify login endpoint returns a bearer token.","3269","Should login and return a valid token","tests","2026-10-05","passed","2026-10-05","TestAuth","test_auth","",""
"Test updating Area.","437","Update Area","tests.area","2026-10-05","failed","2026-10-05","TestUpdateArea","test_update","",""
"Test one endpoint (one test per endpoint via parametrize ids).","231","test_endpoint[GET__sub-familia]","tests","2026-10-05","passed","2026-10-05","TestAllEndpoints","test_all_endpoints","",""
"Test getting Contrato by ID.","857","Get Contrato by ID","tests.contrato","2026-10-05","passed","2026-10-05","TestGetContratoById","test_get_by_id","",""
"Test one endpoint (one test per endpoint via parametrize ids).","531","test_endpoint[POST__events_pre-process-status_type]","tests","2026-10-05","passed","2026-10-05","TestAllEndpoints","test_all_endpoints","",""
"Test one endpoint (one test per endpoint via parametrize ids).","212","test_endpoint[PUT__familia_id]","tests","2026-10-05","passed","2026-10-05","TestAllEndpoints","test_all_endpoints","",""
"Test creating Area.","206","Create Area","tests.area","2026-10-05","failed","2026-10-05","TestCreateArea","test_create","",""
"Test getting Grupo Area atrelados a Contratante.","383","Get Grupo Area atrelados a Contratante","tests.contratante","2026-10-05","failed","2026-10-05","TestGetContratanteGrupoArea","test_get_grupo_area","",""
"Test one endpoint (one test per endpoint via parametrize ids).","281","test_endpoint[PUT__avisos_id]","tests","2026-10-05","passed","2026-10-05","TestAllEndpoints","test_all_endpoints","",""
"Test getting all Amostragem Grupo Area.","217","Get all Amostragem Grupo Area","tests.amostragem_grupo_area","2026-10-05","passed","2026-10-05","TestGetAllAmostragemGrupoArea","test_get_all","",""
"Test one endpoint (one test per endpoint via parametrize ids).","823","test_endpoint[GET__suporte_cartilha]","tests","2026-10-05","passed","2026-10-05","TestAllEndpoints","test_all_endpoints","",""
"Test one endpoint (one test per endpoint via parametrize ids).","255","test_endpoint[GET__grupo-faturamento_grupoFaturamentoId_faixa-faturamento]","tests","2026-10-05","passed","2026-10-05","TestAllEndpoints","test_all_endpoints","",""
"Test updating Contratante.","400","Update Contratante","tests.contratante","2026-10-05","failed","2026-10-05","TestUpdateContratante","test_update","",""
"Test one endpoint (one test per endpoint via parametrize ids).","216","test_endpoint[DELETE__grupo-faturamento_id]","tests","2026-10-05","passed","2026-10-05","TestAllEndpoints","test_all_endpoints","",""
"Test one endpoint (one test per endpoint via parametrize ids).","225","test_endpoint[DELETE__contratante_id]","tests","2026-10-05","passed","2026-10-05","TestAllEndpoints","test_all_endpoints","",""
"Test getting all Avisos.","206","Get all Avisos","tests.avisos","2026-10-05","skipped","2026-10-05","TestGetAllAvisos","test_get_all","",""
"Test one endpoint (one test per endpoint via parametrize ids).","219","test_endpoint[PUT__contratada-contrato_id]","tests","2026-10-05","passed","2026-10-05","TestAllEndpoints","test_all_endpoints","",""
"Test one endpoint (one test per endpoint via parametrize ids).","248","test_endpoint[GET__objeto-oficial_id]","tests","2026-10-05","passed","2026-10-05","TestAllEndpoints","test_all_endpoints","",""
"Test one endpoint (one test per endpoint via parametrize ids).","407","test_endpoint[POST__amostragem-grupo-area]","tests","2026-10-05","passed","2026-10-05","TestAllEndpoints","test_all_endpoints","",""
"Test one endpoint (one test per endpoint via parametrize ids).","671","test_endpoint[POST__objeto-analise-tipo-especifico]","tests","2026-10-05","passed","2026-10-05","TestAllEndpoints","test_all_endpoints","",""
"Test one endpoint (one test per endpoint via parametrize ids).","282","test_endpoint[GET__classificacao-colaborador]","tests","2026-10-05","passed","2026-10-05","TestAllEndpoints","test_all_endpoints","",""
"Test one endpoint (one test per endpoint via parametrize ids).","244","test_endpoint[DELETE__risco_id]","tests","2026-10-05","failed","2026-10-05","TestAllEndpoints","test_all_endpoints","",""
"Test one endpoint (one test per endpoint via parametrize ids).","213","test_endpoint[PUT__classificacao-colaborador_id]","tests","2026-10-05","passed","2026-10-05","TestAllEndpoints","test_all_endpoints","",""
"Test one endpoint (one test per endpoint via parametrize ids).","221","test_endpoint[GET__local-servico_id]","tests","2026-10-05","passed","2026-10-05","TestAllEndpoints","test_all_endpoints","",""
"Test one endpoint (one test per endpoint via parametrize ids).","284","test_endpoint[GET__contratada-contrato]","tests","2026-10-05","passed","2026-10-05","TestAllEndpoints","test_all_endpoints","",""
"Test one endpoint (one test per endpoint via parametrize ids).","293","test_endpoint[DELETE__avisos_id]","tests","2026-10-05","passed","2026-10-05","TestAllEndpoints","test_all_endpoints","",""
"Test one endpoint (one test per endpoint via parametrize ids).","233","test_endpoint[POST__objeto-analise]","tests","2026-10-05","passed","2026-10-05","TestAllEndpoints","test_all_endpoints","",""
"Test one endpoint (one test per endpoint via parametrize ids).","370","test_endpoint[GET__contrato]","tests","2026-10-05","passed","2026-10-05","TestAllEndpoints","test_all_endpoints","",""
"Test getting Classificacao Colaborador by ID.","421","Get Classificacao Colaborador by ID","tests.classificacao_colaborador","2026-10-05","passed","2026-10-05","TestGetClassificacaoColaboradorById","test_get_by_id","",""
"Test one endpoint (one test per endpoint via parametrize ids).","230","test_endpoint[GET__risco_id]","tests","2026-10-05","passed","2026-10-05","TestAllEndpoints","test_all_endpoints","",""
"Test one endpoint (one test per endpoint via parametrize ids).","5442","test_endpoint[GET__parametros_contatos]","tests","2026-10-05","passed","2026-10-05","TestAllEndpoints","test_all_endpoints","",""
"Test one endpoint (one test per endpoint via parametrize ids).","230","test_endpoint[DELETE__sub-familia_id]","tests","2026-10-05","passed","2026-10-05","TestAllEndpoints","test_all_endpoints","",""
"Test one endpoint (one test per endpoint via parametrize ids).","181","test_endpoint[PUT__contratante_id_grupo-area]","tests","2026-10-05","passed","2026-10-05","TestAllEndpoints","test_all_endpoints","",""
"Test one endpoint (one test per endpoint via parametrize ids).","233","test_endpoint[GET__grupo-area_id]","tests","2026-10-05","passed","2026-10-05","TestAllEndpoints","test_all_endpoints","",""
"Test one endpoint (one test per endpoint via parametrize ids).","222","test_endpoint[DELETE__local-servico_id]","tests","2026-10-05","passed","2026-10-05","TestAllEndpoints","test_all_endpoints","",""
"Test one endpoint (one test per endpoint via parametrize ids).","275","test_endpoint[GET__contratada]","tests","2026-10-05","passed","2026-10-05","TestAllEndpoints","test_all_endpoints","",""
"Test getting all Contratantes.","209","Get all Contratantes","tests.contratante","2026-10-05","passed","2026-10-05","TestGetAllContratante","test_get_all","",""
"Test updating Familia IDs atrelados a Contratante.","389","Update Familia IDs atrelados a Contratante","tests.contratante","2026-10-05","failed","2026-10-05","TestUpdateContratanteFamilia","test_update_familia","",""
"Test one endpoint (one test per endpoint via parametrize ids).","205","test_endpoint[PUT__risco_id]","tests","2026-10-05","passed","2026-10-05","TestAllEndpoints","test_all_endpoints","",""
"Test one endpoint (one test per endpoint via parametrize ids).","565","test_endpoint[DELETE__contrato_id]","tests","2026-10-05","passed","2026-10-05","TestAllEndpoints","test_all_endpoints","",""
"Test one endpoint (one test per endpoint via parametrize ids).","223","test_endpoint[DELETE__classificacao-colaborador_id]","tests","2026-10-05","passed","2026-10-05","TestAllEndpoints","test_all_endpoints","",""
"Test one endpoint (one test per endpoint via parametrize ids).","207","test_endpoint[PUT__local-servico_id]","tests","2026-10-05","passed","2026-10-05","TestAllEndpoints","test_all_endpoints","",""
"Test getting all Contratos.","219","Get all Contratos","tests.contrato","2026-10-05","passed","2026-10-05","TestGetAllContrato","test_get_all","",""
"Test one endpoint (one test per endpoint via parametrize ids).","277","test_endpoint[GET__avisos]","tests","2026-10-05","passed","2026-10-05","TestAllEndpoints","test_all_endpoints","",""
"Test one endpoint (one test per endpoint via parametrize ids).","212","test_endpoint[POST__unidade-contratante]","tests","2026-10-05","passed","2026-10-05","TestAllEndpoints","test_all_endpoints","",""
"Test one endpoint (one test per endpoint via parametrize ids).","263","test_endpoint[DELETE__amostragem-grupo-area_id]","tests","2026-10-05","passed","2026-10-05","TestAllEndpoints","test_all_endpoints","",""
"Test one endpoint (one test per endpoint via parametrize ids).","213","test_endpoint[POST__local-servico]","tests","2026-10-05","passed","2026-10-05","TestAllEndpoints","test_all_endpoints","",""
"Test one endpoint (one test per endpoint via parametrize ids).","259","test_endpoint[DELETE__contratada_id]","tests","2026-10-05","passed","2026-10-05","TestAllEndpoints","test_all_endpoints","",""
"Test getting Familia IDs atrelados a Contratante.","382","Get Familia IDs atrelados a Contratante","tests.contratante","2026-10-05","failed","2026-10-05","TestGetContratanteFamilia","test_get_familia","",""
"Test one endpoint (one test per endpoint via parametrize ids).","715","test_endpoint[PUT__objeto-analise-tipo-especifico_id]","tests","2026-10-05","passed","2026-10-05","TestAllEndpoints","test_all_endpoints","",""
"Test creating an event.","216","Create Event","tests","2026-10-05","failed","2026-10-05","TestEvents","test_events","",""
"Test one endpoint (one test per endpoint via parametrize ids).","214","test_endpoint[DELETE__grupo-contratante_id]","tests","2026-10-05","passed","2026-10-05","TestAllEndpoints","test_all_endpoints","",""
"Test one endpoint (one test per endpoint via parametrize ids).","225","test_endpoint[POST__grupo-faturamento_grupoFaturamentoId_faixa-faturamento]","tests","2026-10-05","passed","2026-10-05","TestAllEndpoints","test_all_endpoints","",""
"Test one endpoint (one test per endpoint via parametrize ids).","253","test_endpoint[GET__objeto-analise_id]","tests","2026-10-05","passed","2026-10-05","TestAllEndpoints","test_all_endpoints","",""
"Test one endpoint (one test per endpoint via parametrize ids).","276","test_endpoint[GET__grupo-area_id_checklist]","tests","2026-10-05","passed","2026-10-05","TestAllEndpoints","test_all_endpoints","",""
"Test one endpoint (one test per endpoint via parametrize ids).","225","test_endpoint[GET__unidade-contratante_id]","tests","2026-10-05","passed","2026-10-05","TestAllEndpoints","test_all_endpoints","",""
"Test one endpoint (one test per endpoint via parametrize ids).","216","test_endpoint[POST__risco]","tests","2026-10-05","passed","2026-10-05","TestAllEndpoints","test_all_endpoints","",""
"Test one endpoint (one test per endpoint via parametrize ids).","215","test_endpoint[PUT__contratada_id]","tests","2026-10-05","passed","2026-10-05","TestAllEndpoints","test_all_endpoints","",""
"Test getting Amostragem Grupo Area by ID.","470","Get Amostragem Grupo Area by ID","tests.amostragem_grupo_area","2026-10-05","passed","2026-10-05","TestGetAmostragemGrupoAreaById","test_get_by_id","",""
"Test one endpoint (one test per endpoint via parametrize ids).","209","test_endpoint[PUT__grupo-contratante_id]","tests","2026-10-05","passed","2026-10-05","TestAllEndpoints","test_all_endpoints","",""
"Test one endpoint (one test per endpoint via parametrize ids).","259","test_endpoint[DELETE__contratada-contrato_id]","tests","2026-10-05","passed","2026-10-05","TestAllEndpoints","test_all_endpoints","",""
"Test getting Contratada by ID.","520","Get Contratada by ID","tests.contratada","2026-10-05","passed","2026-10-05","TestGetContratadaById","test_get_by_id","",""
"Test one endpoint (one test per endpoint via parametrize ids).","539","test_endpoint[DELETE__objeto-analise_id]","tests","2026-10-05","passed","2026-10-05","TestAllEndpoints","test_all_endpoints","",""
"Test updating Contratada Contrato.","200","Update Contratada Contrato","tests.contratada_contrato","2026-10-05","skipped","2026-10-05","TestUpdateContratadaContrato","test_update","",""
"Test deleting Classificacao Colaborador.","410","Delete Classificacao Colaborador","tests.classificacao_colaborador","2026-10-05","failed","2026-10-05","TestDeleteClassificacaoColaborador","test_delete","",""
"Test one endpoint (one test per endpoint via parametrize ids).","204","test_endpoint[POST__sub-familia]","tests","2026-10-05","passed","2026-10-05","TestAllEndpoints","test_all_endpoints","",""
"Test one endpoint (one test per endpoint via parametrize ids).","232","test_endpoint[GET__familia]","tests","2026-10-05","passed","2026-10-05","TestAllEndpoints","test_all_endpoints","",""
"Test updating Contrato.","432","Update Contrato","tests.contrato","2026-10-05","failed","2026-10-05","TestUpdateContrato","test_update","",""
"Test one endpoint (one test per endpoint via parametrize ids).","205","test_endpoint[POST__suporte_cartilha_upload_pasta]","tests","2026-10-05","passed","2026-10-05","TestAllEndpoints","test_all_endpoints","",""
"Test updating Amostragem Grupo Area.","441","Update Amostragem Grupo Area","tests.amostragem_grupo_area","2026-10-05","failed","2026-10-05","TestUpdateAmostragemGrupoArea","test_update","",""
"Test one endpoint (one test per endpoint via parametrize ids).","221","test_endpoint[POST__operador_vinculo]","tests","2026-10-05","passed","2026-10-05","TestAllEndpoints","test_all_endpoints","",""
"Test one endpoint (one test per endpoint via parametrize ids).","221","test_endpoint[PUT__area_id]","tests","2026-10-05","passed","2026-10-05","TestAllEndpoints","test_all_endpoints","",""
"Test one endpoint (one test per endpoint via parametrize ids).","204","test_endpoint[PUT__grupo-faturamento_id]","tests","2026-10-05","passed","2026-10-05","TestAllEndpoints","test_all_endpoints","",""
"Test one endpoint (one test per endpoint via parametrize ids).","187","test_endpoint[POST__video-cast_callback]","tests","2026-10-05","passed","2026-10-05","TestAllEndpoints","test_all_endpoints","",""
"Test one endpoint (one test per endpoint via parametrize ids).","237","test_endpoint[GET__perfil-acesso]","tests","2026-10-05","passed","2026-10-05","TestAllEndpoints","test_all_endpoints","",""
"Test deleting Contratada Contrato.","201","Delete Contratada Contrato","tests.contratada_contrato","2026-10-05","skipped","2026-10-05","TestDeleteContratadaContrato","test_delete","",""
"Test one endpoint (one test per endpoint via parametrize ids).","213","test_endpoint[POST__grupo-contratante]","tests","2026-10-05","passed","2026-10-05","TestAllEndpoints","test_all_endpoints","",""
"Test one endpoint (one test per endpoint via parametrize ids).","216","test_endpoint[POST__familia]","tests","2026-10-05","passed","2026-10-05","TestAllEndpoints","test_all_endpoints","",""
"Test one endpoint (one test per endpoint via parametrize ids).","232","test_endpoint[GET__grupo-faturamento]","tests","2026-10-05","passed","2026-10-05","TestAllEndpoints","test_all_endpoints","",""
"Test one endpoint (one test per endpoint via parametrize ids).","240","test_endpoint[GET__classificacao-colaborador_id]","tests","2026-10-05","passed","2026-10-05","TestAllEndpoints","test_all_endpoints","",""
"Test one endpoint (one test per endpoint via parametrize ids).","215","test_endpoint[POST__operador]","tests","2026-10-05","passed","2026-10-05","TestAllEndpoints","test_all_endpoints","",""
"Test one endpoint (one test per endpoint via parametrize ids).","275","test_endpoint[GET__objeto-analise-tipo-especifico]","tests","2026-10-05","passed","2026-10-05","TestAllEndpoints","test_all_endpoints","",""
"Test one endpoint (one test per endpoint via parametrize ids).","293","test_endpoint[GET__objeto-analise-tipo-especifico_id]","tests","2026-10-05","passed","2026-10-05","TestAllEndpoints","test_all_endpoints","",""
"Test one endpoint (one test per endpoint via parametrize ids).","209","test_endpoint[PUT__objeto-oficial_id]","tests","2026-10-05","passed","2026-10-05","TestAllEndpoints","test_all_endpoints","",""
"Test deleting Contrato.","419","Delete Contrato","tests.contrato","2026-10-05","failed","2026-10-05","TestDeleteContrato","test_delete","",""
"Test one endpoint (one test per endpoint via parametrize ids).","15463","test_endpoint[GET__amostragem-grupo-area]","tests","2026-10-05","passed","2026-10-05","TestAllEndpoints","test_all_endpoints","",""
"Test one endpoint (one test per endpoint via parametrize ids).","455","test_endpoint[GET__video-cast_id]","tests","2026-10-05","passed","2026-10-05","TestAllEndpoints","test_all_endpoints","",""
"Test one endpoint (one test per endpoint via parametrize ids).","323","test_endpoint[GET__operador]","tests","2026-10-05","passed","2026-10-05","TestAllEndpoints","test_all_endpoints","",""
"Test one endpoint (one test per endpoint via parametrize ids).","240","test_endpoint[POST__contratada]","tests","2026-10-05","passed","2026-10-05","TestAllEndpoints","test_all_endpoints","",""
"Test one endpoint (one test per endpoint via parametrize ids).","412","test_endpoint[GET__amostragem-grupo-area_id]","tests","2026-10-05","passed","2026-10-05","TestAllEndpoints","test_all_endpoints","",""
"Test getting Operadores da Contratada do Contrato.","468","Get Operadores da Contratada do Contrato","tests.contrato","2026-10-05","passed","2026-10-05","TestGetContratoOperadores","test_get_operadores","",""
"Test one endpoint (one test per endpoint via parametrize ids).","203","test_endpoint[GET__parametros_legacy-systems]","tests","2026-10-05","passed","2026-10-05","TestAllEndpoints","test_all_endpoints","",""
"Test one endpoint (one test per endpoint via parametrize ids).","207","test_endpoint[PUT__contrato_id]","tests","2026-10-05","passed","2026-10-05","TestAllEndpoints","test_all_endpoints","",""
"Test one endpoint (one test per endpoint via parametrize ids).","225","test_endpoint[DELETE__unidade-contratante_id]","tests","2026-10-05","passed","2026-10-05","TestAllEndpoints","test_all_endpoints","",""
"Test one endpoint (one test per endpoint via parametrize ids).","208","test_endpoint[PUT__grupo-faturamento_grupoFaturamentoId_faixa-faturamento_id]","tests","2026-10-05","passed","2026-10-05","TestAllEndpoints","test_all_endpoints","",""
"Test one endpoint (one test per endpoint via parametrize ids).","205","test_endpoint[PUT__unidade-contratante_id]","tests","2026-10-05","passed","2026-10-05","TestAllEndpoints","test_all_endpoints","",""
"Test one endpoint (one test per endpoint via parametrize ids).","232","test_endpoint[GET__objeto-oficial]","tests","2026-10-05","passed","2026-10-05","TestAllEndpoints","test_all_endpoints","",""
"Test updating Grupo Area IDs atrelados a Contratante.","380","Update Grupo Area IDs atrelados a Contratante","tests.contratante","2026-10-05","failed","2026-10-05","TestUpdateContratanteGrupoArea","test_update_grupo_area","",""
"Test one endpoint (one test per endpoint via parametrize ids).","221","test_endpoint[PUT__grupo-area_id_calendario]","tests","2026-10-05","passed","2026-10-05","TestAllEndpoints","test_all_endpoints","",""
"Test one endpoint (one test per endpoint via parametrize ids).","215","test_endpoint[POST__classificacao-colaborador]","tests","2026-10-05","passed","2026-10-05","TestAllEndpoints","test_all_endpoints","",""
"Test one endpoint (one test per endpoint via parametrize ids).","253","test_endpoint[GET__local-servico]","tests","2026-10-05","passed","2026-10-05","TestAllEndpoints","test_all_endpoints","",""
"Test one endpoint (one test per endpoint via parametrize ids).","348","test_endpoint[GET__grupo-faturamento_grupoFaturamentoId_faixa-faturamento_id]","tests","2026-10-05","passed","2026-10-05","TestAllEndpoints","test_all_endpoints","",""
"Test getting Aviso by ID.","203","Get Aviso by ID","tests.avisos","2026-10-05","skipped","2026-10-05","TestGetAvisosById","test_get_by_id","",""
"Test one endpoint (one test per endpoint via parametrize ids).","209","test_endpoint[GET__suporte_cartilha_download_pasta]","tests","2026-10-05","passed","2026-10-05","TestAllEndpoints","test_all_endpoints","",""
"Test getting all Classificacao Colaborador.","204","Get all Classificacao Colaborador","tests.classificacao_colaborador","2026-10-05","passed","2026-10-05","TestGetAllClassificacaoColaborador","test_get_all","",""
"Test one endpoint (one test per endpoint via parametrize ids).","309","test_endpoint[GET__area]","tests","2026-10-05","passed","2026-10-05","TestAllEndpoints","test_all_endpoints","",""
"Test one endpoint (one test per endpoint via parametrize ids).","180","test_endpoint[GET__contratante_id_grupo-area]","tests","2026-10-05","passed","2026-10-05","TestAllEndpoints","test_all_endpoints","",""
"Test creating Amostragem Grupo Area.","197","Create Amostragem Grupo Area","tests.amostragem_grupo_area","2026-10-05","failed","2026-10-05","TestCreateAmostragemGrupoArea","test_create","",""
"Test updating Classificacao Colaborador.","466","Update Classificacao Colaborador","tests.classificacao_colaborador","2026-10-05","failed","2026-10-05","TestUpdateClassificacaoColaborador","test_update","",""
"Test one endpoint (one test per endpoint via parametrize ids).","537","test_endpoint[GET__contratante_id]","tests","2026-10-05","passed","2026-10-05","TestAllEndpoints","test_all_endpoints","",""
"Test getting Avisos do Operador Autenticado.","199","Get Avisos do Operador Autenticado","tests.avisos","2026-10-05","failed","2026-10-05","TestGetMeusAvisos","test_get_meus_avisos","",""
"Test one endpoint (one test per endpoint via parametrize ids).","183","test_endpoint[GET__contratante_id_grupo-area_grupo-area-id]","tests","2026-10-05","passed","2026-10-05","TestAllEndpoints","test_all_endpoints","",""
"Test one endpoint (one test per endpoint via parametrize ids).","211","test_endpoint[POST__grupo-faturamento]","tests","2026-10-05","passed","2026-10-05","TestAllEndpoints","test_all_endpoints","",""
"Test one endpoint (one test per endpoint via parametrize ids).","284","test_endpoint[GET__grupo-area]","tests","2026-10-05","passed","2026-10-05","TestAllEndpoints","test_all_endpoints","",""
"Test creating Aviso.","197","Create Aviso","tests.avisos","2026-10-05","failed","2026-10-05","TestCreateAvisos","test_create","",""
"Test one endpoint (one test per endpoint via parametrize ids).","284","test_endpoint[GET__contrato_id_contratada_contratada_id_operadores]","tests","2026-10-05","passed","2026-10-05","TestAllEndpoints","test_all_endpoints","",""
"Test getting all Contratada Contrato.","202","Get all Contratada Contrato","tests.contratada_contrato","2026-10-05","skipped","2026-10-05","TestGetAllContratadaContrato","test_get_all","",""
"Test one endpoint (one test per endpoint via parametrize ids).","233","test_endpoint[GET__grupo-contratante]","tests","2026-10-05","passed","2026-10-05","TestAllEndpoints","test_all_endpoints","",""
"Test one endpoint (one test per endpoint via parametrize ids).","222","test_endpoint[DELETE__grupo-faturamento_grupoFaturamentoId_faixa-faturamento_id]","tests","2026-10-05","passed","2026-10-05","TestAllEndpoints","test_all_endpoints","",""
"Test one endpoint (one test per endpoint via parametrize ids).","233","test_endpoint[GET__contratada_id]","tests","2026-10-05","passed","2026-10-05","TestAllEndpoints","test_all_endpoints","",""
"Test one endpoint (one test per endpoint via parametrize ids).","181","test_endpoint[PUT__contratante_id_familia]","tests","2026-10-05","passed","2026-10-05","TestAllEndpoints","test_all_endpoints","",""
"Test deleting Amostragem Grupo Area.","408","Delete Amostragem Grupo Area","tests.amostragem_grupo_area","2026-10-05","passed","2026-10-05","TestDeleteAmostragemGrupoArea","test_delete","",""
"Test one endpoint (one test per endpoint via parametrize ids).","302","test_endpoint[GET__contratante]","tests","2026-10-05","passed","2026-10-05","TestAllEndpoints","test_all_endpoints","",""
"Test creating Contrato.","197","Create Contrato","tests.contrato","2026-10-05","failed","2026-10-05","TestCreateContrato","test_create","",""
"Test one endpoint (one test per endpoint via parametrize ids).","219","test_endpoint[POST__grupo-area]","tests","2026-10-05","passed","2026-10-05","TestAllEndpoints","test_all_endpoints","",""
"Test one endpoint (one test per endpoint via parametrize ids).","253","test_endpoint[POST__contratada-contrato]","tests","2026-10-05","passed","2026-10-05","TestAllEndpoints","test_all_endpoints","",""
"Test one endpoint (one test per endpoint via parametrize ids).","235","test_endpoint[GET__objeto-analise]","tests","2026-10-05","passed","2026-10-05","TestAllEndpoints","test_all_endpoints","",""
"Test one endpoint (one test per endpoint via parametrize ids).","222","test_endpoint[GET__grupo-area_id_calendario]","tests","2026-10-05","passed","2026-10-05","TestAllEndpoints","test_all_endpoints","",""
"Test updating Contratada.","398","Update Contratada","tests.contratada","2026-10-05","failed","2026-10-05","TestUpdateContratada","test_update","",""
"Test one endpoint (one test per endpoint via parametrize ids).","253","test_endpoint[DELETE__area_id]","tests","2026-10-05","passed","2026-10-05","TestAllEndpoints","test_all_endpoints","",""
"Test one endpoint (one test per endpoint via parametrize ids).","257","test_endpoint[GET__area_id]","tests","2026-10-05","passed","2026-10-05","TestAllEndpoints","test_all_endpoints","",""
"Test one endpoint (one test per endpoint via parametrize ids).","237","test_endpoint[POST__avisos]","tests","2026-10-05","passed","2026-10-05","TestAllEndpoints","test_all_endpoints","",""
"Test one endpoint (one test per endpoint via parametrize ids).","243","test_endpoint[POST__events_type]","tests","2026-10-05","passed","2026-10-05","TestAllEndpoints","test_all_endpoints","",""
